config,tau,N,n_clusters,n_singletons,max_cluster_size,median_cluster_size,cohesion_min_FS,cohesion_mean_FS,silhouette,calinski_harabasz,davies_bouldin,dunn,fs_def,lane
LaneB_TFIDF_AGG_tau0.60,0.6,418,207,149,40,1.0,0.4188327271402764,0.8431068741352138,0.41920581589739453,28.471480036590233,0.40390986103764925,0.09184464564906519,TFIDF,B
LaneB_TFIDF_AGG_tau0.65,0.65,418,215,159,40,1.0,0.4188327271402764,0.8456792924663167,0.41449628194350796,27.237271375622683,0.39027316227351255,0.09184464564906519,TFIDF,B
LaneB_TFIDF_AGG_tau0.55,0.55,418,196,138,40,1.0,0.0,0.8134487439887,0.4090542071086612,23.606075039238686,0.4541955433737387,0.16985078161389022,TFIDF,B
LaneB_TFIDF_AGG_tau0.70,0.7,418,229,170,36,1.0,0.5894894578166677,0.8892980180781117,0.3953924416972326,42.661630478888775,0.36434202564924006,0.13002614245847288,TFIDF,B
LaneB_TFIDF_AGG_tau0.75,0.75,418,239,186,36,1.0,0.5903960862338126,0.8959419379778065,0.3748203131241032,43.40883895724552,0.3243717460620759,0.13031394585039033,TFIDF,B
