config,tau,N,n_clusters,n_singletons,max_cluster_size,median_cluster_size,cohesion_min_FS,cohesion_mean_FS,silhouette,calinski_harabasz,davies_bouldin,dunn,fs_def,lane
LaneB_TFIDF_AGG_tau0.55,0.55,607,352,264,20,1.0,0.3723758698045122,0.8213751499820295,0.3304506567891238,18.214504381373008,0.5115126124518325,0.26201371797221834,TFIDF,B
LaneB_TFIDF_AGG_tau0.60,0.6,607,366,282,20,1.0,0.4881548755489478,0.8329403989355839,0.3229895962193135,18.778652255962395,0.49920491966775743,0.3212810359734615,TFIDF,B
LaneB_TFIDF_AGG_tau0.65,0.65,607,388,304,20,1.0,0.5362278004072342,0.854751585233477,0.31759291527971123,20.443996862936494,0.44415657719483426,0.3545838495407833,TFIDF,B
LaneB_TFIDF_AGG_tau0.70,0.7,607,406,330,20,1.0,0.5615649494709936,0.8717421253237617,0.3102529966317857,22.536267911831345,0.3778011633312128,0.3750752400912796,TFIDF,B
LaneB_TFIDF_AGG_tau0.75,0.75,607,425,355,20,1.0,0.5615649494709936,0.8807210785507964,0.29306466486276217,22.091245219827442,0.3718802456836237,0.3750752400912796,TFIDF,B
